{"ae03d5_984398": {"t": 1771917483.872996}, "896c0b_984398": {"t": 1771917483.873083}, "43c6f7_984398": {"t": 1771917484.049182}, "43c208_984398": {"t": 1771917484.049196}}