{"ae1178_984360": {"t": 1771849740.407759}, "43c208_984360": {"t": 1771849740.577742}, "43c6f7_984360": {"t": 1771849740.577773}, "738a89_984360": {"t": 1771849740.577859}}