{"43c5da_984424": {"t": 1771963482.114831}, "739572_984425": {"t": 1771966434.247418}}