{"43c5e6_984378": {"t": 1771881933.636481}, "43c5e6_984380": {"t": 1771884581.411411}}