{"43c5da_984423": {"t": 1771961826.904309}, "43c5da_984424": {"t": 1771963482.114831}}