{"43c208_984446": {"t": 1772003856.684685}, "743593_984446": {"t": 1772003856.684762}, "43c6f7_984446": {"t": 1772003856.684776}, "ae06e8_984448": {"t": 1772006628.852978}, "896c1e_984448": {"t": 1772006628.853073}, "896c1a_984448": {"t": 1772006628.853112}, "896c14_984448": {"t": 1772006628.853127}, "43c5da_984448": {"t": 1772006639.240948}}