{"896c45_984371": {"t": 1771868631.014188}, "43c5e2_984371": {"t": 1771868631.146804}, "896c45_984373": {"t": 1771872153.138548}}