{"06a27b_984410": {"t": 1771939142.065931}, "8964c7_984410": {"t": 1771939142.065991}, "ae06e8_984410": {"t": 1771939142.066042}, "43c6f6_984410": {"t": 1771939142.209138}, "896c58_984412": {"t": 1771942643.167249}, "80165f_984412": {"t": 1771942643.167331}, "43c208_984412": {"t": 1771942643.343975}, "06a27b_984412": {"t": 1771942643.518986}}