{"48435f_984382": {"t": 1771887725.184655}, "009959_984383": {"t": 1771890282.253654}}