{"ae03d5_984398": {"t": 1771917483.872996}, "896c0b_984398": {"t": 1771917483.873083}, "43c6f7_984398": {"t": 1771917484.049182}, "43c208_984398": {"t": 1771917484.049196}, "896c20_984400": {"t": 1771920220.89077}, "896c24_984400": {"t": 1771920220.890787}, "896c14_984400": {"t": 1771920220.890823}, "896c1a_984400": {"t": 1771920220.890834}, "43c208_984400": {"t": 1771920221.031956}, "33ffe2_984400": {"t": 1771920221.171147}}