{"896c20_984400": {"t": 1771920220.89077}, "896c24_984400": {"t": 1771920220.890787}, "896c14_984400": {"t": 1771920220.890823}, "896c1a_984400": {"t": 1771920220.890834}, "43c208_984400": {"t": 1771920221.031956}, "33ffe2_984400": {"t": 1771920221.171147}, "896c12_984401": {"t": 1771922601.288258}, "896c16_984401": {"t": 1771922601.288266}, "896c17_984401": {"t": 1771922601.288319}, "896c20_984401": {"t": 1771922601.288343}, "4b82de_984401": {"t": 1771922601.432856}}