{"e483ba_984421": {"t": 1771958062.167997}, "43c5da_984421": {"t": 1771958062.288929}}