{"ae0750_984396": {"t": 1771913488.750327}, "43c6f7_984396": {"t": 1771913488.929632}, "3b7545_984396": {"t": 1771913488.929688}, "743588_984396": {"t": 1771913488.929701}, "33ffe2_984396": {"t": 1771913489.10734}}