{"009959_984383": {"t": 1771890282.253654}, "009959_984384": {"t": 1771891360.347306}}