{"89602b_984416": {"t": 1771949812.699811}, "739222_984416": {"t": 1771949812.951048}}