{"06a27b_984410": {"t": 1771939142.065931}, "8964c7_984410": {"t": 1771939142.065991}, "ae06e8_984410": {"t": 1771939142.066042}, "43c6f6_984410": {"t": 1771939142.209138}}