{"43c5e6_984380": {"t": 1771884581.411411}, "48435f_984382": {"t": 1771887725.184655}}