{"43c208_984446": {"t": 1772003856.684685}, "743593_984446": {"t": 1772003856.684762}, "43c6f7_984446": {"t": 1772003856.684776}}