{"8964c7_984419": {"t": 1771954358.785843}, "43c700_984419": {"t": 1771954358.906935}, "43c5da_984419": {"t": 1771954358.906977}}