{"5002cd_984365": {"t": 1771857321.402422}, "ae143a_984365": {"t": 1771857321.540209}, "43c61d_984367": {"t": 1771860619.694865}, "43c2b4_984367": {"t": 1771860619.694886}, "43c208_984367": {"t": 1771860619.694965}}