{"896c58_984412": {"t": 1771942643.167249}, "80165f_984412": {"t": 1771942643.167331}, "43c208_984412": {"t": 1771942643.343975}, "06a27b_984412": {"t": 1771942643.518986}, "896c2d_984412": {"t": 1771943169.419994}, "89602b_984414": {"t": 1771946033.372891}}