{"896c28_984442": {"t": 1771996025.020429}, "896c1e_984442": {"t": 1771996025.020443}, "896c24_984442": {"t": 1771996025.020461}, "896c16_984442": {"t": 1771996025.02047}}