{"896c56_984363": {"t": 1771854135.73449}, "43c208_984363": {"t": 1771854136.040418}, "5002cd_984365": {"t": 1771857321.402422}, "ae143a_984365": {"t": 1771857321.540209}}