{"896c15_984394": {"t": 1771909416.556134}, "896c25_984394": {"t": 1771909416.556232}, "896c23_984394": {"t": 1771909416.556242}, "896c21_984394": {"t": 1771909416.556271}, "3b7545_984394": {"t": 1771909416.694571}}