{"739572_984425": {"t": 1771966434.247418}, "896c07_984427": {"t": 1771968929.040556}, "43c6f7_984427": {"t": 1771968929.161797}}