{"48435f_984361": {"t": 1771850656.827658}, "89602b_984361": {"t": 1771850656.827728}, "43c208_984361": {"t": 1771850656.987526}, "89602b_984362": {"t": 1771851762.586549}, "ae03d5_984362": {"t": 1771851762.586566}, "43c208_984362": {"t": 1771851762.707672}, "896c56_984363": {"t": 1771854135.73449}, "43c208_984363": {"t": 1771854136.040418}}