{"ae06e8_984448": {"t": 1772006628.852978}, "896c1e_984448": {"t": 1772006628.853073}, "896c1a_984448": {"t": 1772006628.853112}, "896c14_984448": {"t": 1772006628.853127}, "43c5da_984448": {"t": 1772006639.240948}, "896c15_984450": {"t": 1772010175.560355}, "896c23_984450": {"t": 1772010175.560388}, "43c5da_984450": {"t": 1772010175.726218}, "74358b_984450": {"t": 1772010175.726375}, "3532cc_984450": {"t": 1772010176.031068}}