{"ae2799_984444": {"t": 1772000059.641242}, "896c6c_984444": {"t": 1772000059.64129}, "43c5da_984444": {"t": 1772000059.926932}, "43c208_984444": {"t": 1772000059.926946}}