{"896c07_984427": {"t": 1771968929.040556}, "43c6f7_984427": {"t": 1771968929.161797}, "e400d9_984428": {"t": 1771970617.87498}}